Time (min),Viscosity (cp),Density (gm/cc),Dielectric constant (-),Temperature (C), Status
2.5117397308349608e-05,63.500595,0.1240437,0.49609888,33.6875,0.0
0.5243230024973552,14.547011,0.83000007,2.39101592,33.40625,0.0
1.0486757000287374,14.547011,0.83000007,2.39101592,33.375,0.0
1.573043119907379,14.547011,0.83000007,2.39101592,33.375,0.0
