Time (min),Viscosity (cp),Density (gm/cc),Dielectric constant (-),Temperature (C), Status, Channel
0.0,341.331325,0.26670616,1.59999212,0.0,0.0,bus1
0.05000853141148885,341.331325,0.26670616,1.59999212,0.0,0.0,bus0
0.10000979900360107,341.331325,0.26670616,1.59999212,0.0,0.0,bus0
0.15000869830449423,341.331325,0.26670616,1.59999212,0.0,0.0,bus1
0.20000853141148886,341.331325,0.26670616,1.59999212,0.0,0.0,bus1
0.2500121672948202,341.331325,0.26670616,1.59999212,0.0,0.0,bus1
0.3000096003214518,341.331325,0.26670616,1.59999212,0.0,0.0,bus0
0.3500117341677348,341.331325,0.26670616,1.59999212,0.0,0.0,bus0
